{
    "Kama": {
        "precision": 0.85,
        "recall": 0.8095238095238095,
        "f1-score": 0.8292682926829268,
        "support": 21.0
    },
    "Rosa": {
        "precision": 0.9473684210526315,
        "recall": 0.8571428571428571,
        "f1-score": 0.9,
        "support": 21.0
    },
    "Canadian": {
        "precision": 0.875,
        "recall": 1.0,
        "f1-score": 0.9333333333333333,
        "support": 21.0
    },
    "accuracy": 0.8888888888888888,
    "macro avg": {
        "precision": 0.8907894736842105,
        "recall": 0.8888888888888888,
        "f1-score": 0.8875338753387534,
        "support": 63.0
    },
    "weighted avg": {
        "precision": 0.8907894736842105,
        "recall": 0.8888888888888888,
        "f1-score": 0.8875338753387534,
        "support": 63.0
    }
}