Modelo,Acuracia,Precision Média,Recall Médio
Decision Tree,0.9878787878787879,0.9880625221494787,0.9881472285884051
Random Forest,0.9924242424242424,0.9941401191401192,0.9919056637806638
KNN,0.9772727272727273,0.9796259056075387,0.9776599267408091
Logistic Regression,0.956060606060606,0.9562666386911062,0.9549569128279022
SVM,0.9636363636363636,0.9677594280470624,0.9643644665703489
